Afghanistan;1068;AFG
Albania;1372;ALB
Algeria;1347;ALG
American Samoa;908;ASA
Andorra;1111;AND
Angola;1131;ANG
Anguilla;864;AIA
Antigua and Barbuda;1126;ATG
Argentina;1582;ARG
Armenia;1222;ARM
Aruba;916;ARU
Australia;1436;AUS
Austria;1509;AUS
Azerbaijan;1206;AZE
Bahamas;858;BAH
Bahrain;1178;BHR
Bangladesh;907;BAN
Barbados;998;BRB
Belarus;1317;BLR
Belgium;1727;BEL
Belize;1002;BLZ
Benin;1257;BEN
Bermuda;952;BER
Bhutan;917;BHU
Bolivia;1374;BOL
Bosnia and Herzegovina;1472;BIH
Botswana;1071;BOT
Brazil;1676;BRA
British Virgin Islands;867;VGB
Brunei Darussalam;903;BRU
Bulgaria;1425;BUL
Burkina Faso;1371;BFA
Burundi;1085;BDI
Cambodia;970;CAM
Cameroon;1394;CMR
Canada;1314;CAN
Cape Verde Islands;1325;CPV
Cayman Islands;874;CAY
Central African Republic;1180;CTA
Chad;956;CHA
Chile;1565;CHI
China PR;1317;CHN
Chinese Taipei;1134;TPE
Colombia;1575;COL
Comoros;1076;COM
Congo;1280;CGO
Congo DR;1420;COD
Cook Islands;908;COK
Costa Rica;1464;CRC
C�te d'Ivoire;1356;CIV
Croatia;1634;CRO
Cuba;963;CUB
Cura�ao;1306;CUW
Cyprus;1276;CYP
Czech Republic;1435;CZE
Denmark;1589;DEN
Djibouti;896;DJI
Dominica;950;DMA
Dominican Republic;1036;DOM
Ecuador;1382;ECU
Egypt;1393;EGY
El Salvador;1327;SLV
England;1631;ENG
Equatorial Guinea;1063;EQG
Eritrea;868;ERI
Estonia;1242;EST
Ethiopia;1049;ETH
Faroe Islands;1238;FRO
Fiji;981;FIJ
Finland;1378;FIN
France;1726;FRA
FYR Macedonia;1343;MKD
Gabon;1277;GAB
Gambia;986;GAM
Georgia;1269;GEO
Germany;1558;GER
Ghana;1412;GHA
Gibraltar;905;GIB
Greece;1428;GRE
Grenada;968;GRN
Guam;907;GUM
Guatemala;1061;GUA
Guinea;1354;GUI
Guinea-Bissau;1158;GNB
Guyana;951;GUY
Haiti;1219;HAI
Honduras;1369;HON
Hong Kong;1078;HKG
Hungary;1412;HUN
Iceland;1452;ISL
India;1240;IND
Indonesia;1003;IDN
IR Iran;1481;IRN
Iraq;1271;IRQ
Israel;1265;ISR
Italy;1539;ISR
Jamaica;1404;JAM
Japan;1414;JPN
Jordan;1196;JOR
Kazakhstan;1159;KAZ
Kenya;1210;KEN
Korea DPR;1196;KOR
Korea Republic;1405;PRK
Kosovo;1113;KOS
Kuwait;1018;KUW
Kyrgyz Republic;1264;KGZ
Laos;923;LAO
Latvia;1112;LVA
Lebanon;1296;LIB
Lesotho;1069;LES
Liberia;1051;LBR
Libya;1217;LBY
Liechtenstein;937;LIE
Lithuania;1111;LTU
Luxembourg;1276;LUX
Macau;925;MAC
Madagascar;1209;MAD
Malawi;1115;
Malaysia;985;MAS
Maldives;1046;MDV
Mali;1363;MLI
Malta;926;MLT
Mauritania;1222;MTN
Mauritius;1022;MRI
Mexico;1540;MEX
Moldova;979;MDA
Mongolia;915;MGL
Montenegro;1427;MNE
Montserrat;887;MSR
Morocco;1440;MAR
Mozambique;1167;MOZ
Myanmar;1085;MYA
Namibia;1191;NAM
Nepal;1001;NEP
Netherlands;1560;NED
New Caledonia;1036;NCL
New Zealand;1157;NZL
Nicaragua;1119;NCA
Niger;1205;NIG
Nigeria;1427;NGA
Northern Ireland;1465;NIR
Norway;1425;NOR
Oman;1295;OMA
Pakistan;888;PAK
Palestine;1236;PAL
Panama;1326;PAN
Papua New Guinea;984;PNG
Paraguay;1476;PAR
Peru;1518;PER
Philippines;1171;PHI
Poland;1518;POL
Portugal;1614;POR
Puerto Rico;948;PUR
Qatar;1258;QAT
Republic of Ireland;1474;IRL
Romania;1501;ROU
Russia;1424;RUS
Rwanda;1094;RWA
Samoa;896;SAM
San Marino;854;SMR
Sao Tome e Principe;920;STP
Saudi Arabia;1335;KSA
Scotland;1446;SCO
Senegal;1505;SEN
Serbia;1481;SRB
Seychelles;911;SEY
Sierra Leone;1172;SLE
Singapore;991;SIN
Slovakia;1483;SVK
Slovenia;1369;SVN
Solomon Islands;1073;SOL
Somalia;868;SOM
South Africa;1325;RSA
South Sudan;994;SSD
Spain;1591;ESP
St. Kitts and Nevis;1105;SKN
St. Lucia;976;LCA
St. Vincent / Grenadines;946;VIN
Sudan;1120;SDN
Suriname;1037;SUR
Swaziland;1078;SWZ
Sweden;1560;SWE
Switzerland;1599;SUI
Syria;1322;SYR
Tahiti;1020;TAH
Tajikistan;1158;TJK
Tanzania;1087;TAN
Thailand;1160;THA
Timor-Leste;900;TLS
Togo;1136;TOG
Tonga;868;TGA
Trinidad and Tobago;1260;TRI
Tunisia;1493;TUN
Turkey;1443;TUR
Turkmenistan;1120;TKM
Turks and Caicos Islands;864;TCA
Uganda;1320;UGA
Ukraine;1482;UKR
United Arab Emirates;1309;UAE
Uruguay;1609;URU
US Virgin Islands;881;VIR
USA;1497;USA
Uzbekistan;1251;UZB
Vanuatu;996;VAN
Venezuela;1478;VEN
Vietnam;1229;VIE
Wales;1525;WAL
Yemen;1106;YEM
Zambia;1292;ZAM
Zimbabwe;1175;ZIM
